{"cameraMode":{"drawMode":0,"name":"Shaded","section":"Shading Mode"},"sceneLighting":true,"audioPlay":false,"sceneViewState":{"m_AlwaysRefresh":false,"showFog":true,"showSkybox":true,"showFlares":true,"showImageEffects":true,"showParticleSystems":true,"showVisualEffectGraphs":true,"m_FxEnabled":true},"in2DMode":false,"pivot":{"x":238.09165954589845,"y":-3.1273646354675295,"z":138.23770141601563},"rotation":{"x":0.03411954641342163,"y":0.9372026324272156,"z":-0.097866490483284,"w":0.3337554633617401},"size":15.789063453674317,"orthographic":false}